<?xml version="1.0" encoding="UTF-8"?>
<project-private xmlns="http://www.netbeans.org/ns/project-private/1">
    <editor-bookmarks xmlns="http://www.netbeans.org/ns/editor-bookmarks/2" lastBookmarkId="0"/>
    <open-files xmlns="http://www.netbeans.org/ns/projectui-open-files/2">
        <group>
            <file>file:/C:/Users/91928/OneDrive/Documents/NetBeansProjects/Hostel_Management_System/src/NewStudent.java</file>
            <file>file:/C:/Users/91928/OneDrive/Documents/NetBeansProjects/Hostel_Management_System/src/home.java</file>
            <file>file:/C:/Users/91928/OneDrive/Documents/NetBeansProjects/Hostel_Management_System/src/ManageRoom.java</file>
            <file>file:/C:/Users/91928/OneDrive/Documents/NetBeansProjects/Hostel_Management_System/src/StudentFees.java</file>
            <file>file:/C:/Users/91928/OneDrive/Documents/NetBeansProjects/Hostel_Management_System/src/AllStudentsLiving.java</file>
            <file>file:/C:/Users/91928/OneDrive/Documents/NetBeansProjects/Hostel_Management_System/src/login.java</file>
            <file>file:/C:/Users/91928/OneDrive/Documents/NetBeansProjects/Hostel_Management_System/src/UpdateDeleteStudents.java</file>
            <file>file:/C:/Users/91928/OneDrive/Documents/NetBeansProjects/Hostel_Management_System/src/LeavedStudents.java</file>
        </group>
    </open-files>
</project-private>
